cts,file
urn:cts:croala:croala505684.croala505684.croala-lat1:,aa-vv-carm-occ-vd
urn:cts:croala:croala894047.croala894047.croala-lat1:,aa-vv-carmina-vgc
urn:cts:croala:croala1111677.croala1111677.croala-lat1:,aa-vv-epigr-mulla
urn:cts:croala:croala1745293.croala1745293.croala-lat1:,aa-vv-epigr-natal
urn:cts:croala:croala1482977.croala1482977.croala-lat1:,aa-vv-epigr-tres
urn:cts:croala:croala1917426.croala1917426.croala-lat1:,aa-vv-epitaph-maruli
urn:cts:croala:zavor01.croala1834384.croala-lat1:,aa-vv-praef-epist-rebus-dalm
urn:cts:croala:varii_1590.croala384469.croala-lat1:,aa-vv-sisak-epist
urn:cts:croala:varii_1105.croala1422330.croala-lat1:,aa-vv-supetarski
urn:cts:croala:adamus1070.croala839052.croala-lat1:,adam-radauanus-traditio
urn:cts:croala:adamp01.croala1105795.croala-lat1:,adamus-hymni-domnii
urn:cts:croala:albertijan03.croala745876.croala-lat1:,albert-i-inscr
urn:cts:croala:alb02.croala1409684.croala-lat1:,albert-n-adlect
urn:cts:croala:alb02.croala886270.croala-lat1:,albert-n-epitaph-luc
urn:cts:croala:anastasius1070.croala2107141.croala-lat1:,anastasius-confirmatio-radovani
urn:cts:croala:and02.croala904367.croala-lat1:,andreis-f-1529-02-15
urn:cts:croala:and02.croala1799640.croala-lat1:,andreis-f-carm-h46
urn:cts:croala:and02.croala1324108.croala-lat1:,andreis-f-carmina-vd
urn:cts:croala:and02.croala1834932.croala-lat1:,andreis-f-const
urn:cts:croala:and02.croala507426.croala-lat1:,andreis-f-eloq
urn:cts:croala:and02.croala1322219.croala-lat1:,andreis-f-epigr
urn:cts:croala:and02.croala586591.croala-lat1:,andreis-f-epist
urn:cts:croala:and02.croala699267.croala-lat1:,andreis-f-epist-1538-07-11
urn:cts:croala:and02.croala1045627.croala-lat1:,andreis-f-epist-1538-10-03
urn:cts:croala:and02.croala844834.croala-lat1:,andreis-f-epist-1550-02-25
urn:cts:croala:and02.croala939495.croala-lat1:,andreis-f-epist-1569-10-19
urn:cts:croala:and02.croala107163.croala-lat1:,andreis-f-epist-1570-02-02
urn:cts:croala:and02.croala1842248.croala-lat1:,andreis-f-epist-1571-06-30
urn:cts:croala:and02.croala753399.croala-lat1:,andreis-f-epist-bonzagno-1529
urn:cts:croala:and02.croala1798264.croala-lat1:,andreis-f-epist-lasc
urn:cts:croala:and02.croala823586.croala-lat1:,andreis-f-epist-nadasd
urn:cts:croala:and02.croala702300.croala-lat1:,andreis-f-lectori-phil
urn:cts:croala:and02.croala789367.croala-lat1:,andreis-f-ode
urn:cts:croala:and02.croala417830.croala-lat1:,andreis-f-philos
urn:cts:croala:and02.croala839889.croala-lat1:,andreis-f-polonos
urn:cts:croala:and02.croala1487544.croala-lat1:,andreis-f-sylla
urn:cts:croala:and02.croala419059.croala-lat1:,andreis-f-thurc-germ
urn:cts:croala:and02.croala21148.croala-lat1:,andreis-f-thurc-her
urn:cts:croala:and03.croala1587272.croala-lat1:,andreis-m-epith
urn:cts:croala:and04.croala339999.croala-lat1:,andronic-trag-elegia
urn:cts:croala:anffredus1034.croala1326438.croala-lat1:,anffredus-savinae-donatio
urn:cts:croala:anonymus_1800.croala974295.croala-lat1:,anonymus-hymnus-1800
urn:cts:croala:anonymus_1346.croala1397391.croala-lat1:,anonymus-obsidio-iadrensis
urn:cts:croala:august01.croala1110472.croala-lat1:,august-g-epist
urn:cts:croala:babulakd1e55.croala1401416.croala-lat1:,babulak-o-elegos-matzek
urn:cts:croala:babulakd1e55.croala834.croala-lat1:,babulak-o-ode-matzek
urn:cts:croala:babulakd1e55.croala380740.croala-lat1:,babulak-o-proseucticon
urn:cts:croala:banic01.croala290977.croala-lat1:,banic-j-epist
urn:cts:croala:banic01.croala976014.croala-lat1:,banic-j-epist-1511-04-29
urn:cts:croala:banic01.croala1576950.croala-lat1:,banic-j-epist-1513
urn:cts:croala:banic01.croala1769800.croala-lat1:,banic-j-epist-1515-01-17
urn:cts:croala:banic01.croala1508309.croala-lat1:,banic-j-epist-1524-03-02
urn:cts:croala:banic01.croala463007.croala-lat1:,banic-j-epist-dantisc-1516-01-06
urn:cts:croala:banic01.croala497725.croala-lat1:,banic-j-epist-dantisc-1516-01-10
urn:cts:croala:banic01.croala2074410.croala-lat1:,banic-j-epist-hel
urn:cts:croala:baric02.croala340663.croala-lat1:,baric-a-stat
urn:cts:croala:baric01.croala1492936.croala-lat1:,baricev-aa-eclog
urn:cts:croala:baric01.croala1506566.croala-lat1:,baricev-aa-epist
urn:cts:croala:baric01.croala352703.croala-lat1:,baricev-aa-epist-penzel
urn:cts:croala:bart01.croala3870928.croala-lat1:,bartucevic-j-epistola-ad-m-peregrinum_croala3870928
urn:cts:croala:bart01.croala7302927.croala-lat1:,bartucevic-j001-epistulaimpcarolum1535
urn:cts:croala:kozic01.croala290205.croala-lat1:,begnius-s-corvatiae
urn:cts:croala:kozic01.croala691509.croala-lat1:,begnius-s-elogium
urn:cts:croala:kozic01.croala1798792.croala-lat1:,begnius-s-lectoribus
urn:cts:croala:croala53896.croala53896.croala-lat1:,belostenec-i-gazophylacium-ded
urn:cts:croala:benes01.croala512580.croala-lat1:,benesa-d-dmc
urn:cts:croala:benes01.croala972483.croala-lat1:,benesa-d-epiced-bun
urn:cts:croala:benes01.croala512181.croala-lat1:,benesa-d-epigr-cerv
urn:cts:croala:benes01.croala410528.croala-lat1:,benesa-d-epistolae-dedic
urn:cts:croala:benes01.croala1480997.croala-lat1:,benesa-d-epistulae
urn:cts:croala:benes01.croala6197596.croala-lat1:,benesa-d_eclog_croala6197596.croala-lat1
urn:cts:croala:benes01.croala7115623.croala-lat1:,benesa-d_epigr01_croala7115623.croala-lat1
urn:cts:croala:benes01.croala8750797.croala-lat1:,benesa-d_epigr02_croala8750797.croala-lat1
urn:cts:croala:benes01.croala5095251.croala-lat1:,benesa-d_epigr03_croala5095251.croala-lat1
urn:cts:croala:benes01.croala8775069.croala-lat1:,benesa-d_misc_croala8775069.croala-lat1
urn:cts:croala:benes01.croala8221897.croala-lat1:,benesa-d_od1_croala8221897.croala-lat1
urn:cts:croala:benes01.croala6739337.croala-lat1:,benesa-d_od2_croala6739337.croala-lat1
urn:cts:croala:benes01.croala8033200.croala-lat1:,benesa-d_sat_croala8033200.croala-lat1
urn:cts:croala:benesa03.croala1103986.croala-lat1:,benesa-p-epist-1570
urn:cts:croala:berisl01.croala23846.croala-lat1:,berislavic-p-epist-1518-04-10
urn:cts:croala:berisl01.croala876391.croala-lat1:,berislavic-p-epist-1519-09-05
urn:cts:croala:bilicicstjepan01.croala1574685.croala-lat1:,bilicic-s-cronica
urn:cts:croala:bol01.croala408190.croala-lat1:,bolica-i-desc
urn:cts:croala:bosk01.croala812375.croala-lat1:,boskovic-b-ecl
urn:cts:croala:bosk02.croala1046121.croala-lat1:,boskovic-r-dsld
urn:cts:croala:bosk02.croala1602080.croala-lat1:,boskovic-r-ecl
urn:cts:croala:bosk02.croala808133.croala-lat1:,boskovic-r-el-2-carm
urn:cts:croala:bosk02.croala1408824.croala-lat1:,boskovic-r-epigr
urn:cts:croala:brez01.croala1482137.croala-lat1:,brezov-t-recursus
urn:cts:croala:brlic01.croala835791.croala-lat1:,brlic-ia-epist
urn:cts:croala:brod01.croala2055401.croala-lat1:,brodaric-s-epigr-tomick
urn:cts:croala:brod01.croala583084.croala-lat1:,brodaric-s-epist-1512-09-14
urn:cts:croala:brod01.croala1830752.croala-lat1:,brodaric-s-epist-1525-09-13
urn:cts:croala:brod01.croala291987.croala-lat1:,brodaric-s-epist-1525-09-30
urn:cts:croala:brod01.croala291503.croala-lat1:,brodaric-s-epist-1525-11-30
urn:cts:croala:brod01.croala351650.croala-lat1:,brodaric-s-epist-1526-02-22
urn:cts:croala:brod01.croala749915.croala-lat1:,brodaric-s-epist-1526-03-12
urn:cts:croala:brod01.croala1802602.croala-lat1:,brodaric-s-epist-1526-03-17
urn:cts:croala:brod01.croala1842831.croala-lat1:,brodaric-s-epist-1526-03-26
urn:cts:croala:brod01.croala1797299.croala-lat1:,brodaric-s-epist-1526-07-27
urn:cts:croala:brod01.croala2057564.croala-lat1:,brodaric-s-epist-1526-09-10
urn:cts:croala:brod01.croala1447468.croala-lat1:,brodaric-s-epist-1526-10-04
urn:cts:croala:brod01.croala746259.croala-lat1:,brodaric-s-epist-1531-01-25
urn:cts:croala:brod01.croala2106629.croala-lat1:,brodaric-s-epist-1533-03-08
urn:cts:croala:brod01.croala767692.croala-lat1:,brodaric-s-epist-1533-05-08
urn:cts:croala:brod01.croala1920410.croala-lat1:,brodaric-s-epist-1533-08-01
urn:cts:croala:brod01.croala895970.croala-lat1:,brodaric-s-epist-1533-12-10
urn:cts:croala:brod01.croala2058063.croala-lat1:,brodaric-s-epist-1536-02-26
urn:cts:croala:brod01.croala1801370.croala-lat1:,brodaric-s-epist-1536-04-22
urn:cts:croala:brod01.croala2089773.croala-lat1:,brodaric-s-epistulae
urn:cts:croala:brod01.croala420427.croala-lat1:,brodaric-s-mohach
urn:cts:croala:brod01.croala1829292.croala-lat1:,brodaric-s-oratio-adrianum
urn:cts:croala:bucinjelicd1e267.croala846806.croala-lat1:,bucinjelic-m-epist
urn:cts:croala:bulic01.croala1077050.croala-lat1:,bulic-f-epist
urn:cts:croala:bulic01.croala849582.croala-lat1:,bulic-f-epitaph
urn:cts:croala:bunic02.croala1761880.croala-lat1:,bunic-j-de-r
urn:cts:croala:bunic02.croala1631251.croala-lat1:,bunic-j-vgc
urn:cts:croala:caboga01.croala2985887.croala-lat1:,caboga01.croala2985887.croala-lat1
urn:cts:croala:cibel01.croala875696.croala-lat1:,cibel-v-pannonia
urn:cts:croala:cikulind1e2013.croala1806105.croala-lat1:,cikulin-ideae
urn:cts:croala:cipik02.croala1700775.croala-lat1:,cipiko-a-ad-lectorem
urn:cts:croala:cipik02.croala587871.croala-lat1:,cipiko-a-naenia
urn:cts:croala:cipik02.croala2059473.croala-lat1:,cipiko-a-paneg
urn:cts:croala:cipik01.croala973897.croala-lat1:,cipiko-k-inscr
urn:cts:croala:cipik01.croala700288.croala-lat1:,cipiko-k-inscr-aedif
urn:cts:croala:cipik01.croala831888.croala-lat1:,cipiko-k-petri
urn:cts:croala:cival01.croala1605135.croala-lat1:,cival-d-endecasyll
urn:cts:croala:cobar01.croala1494447.croala-lat1:,cobarnic-j-dioclias
urn:cts:croala:crije02.croala292491.croala-lat1:,crijev-i-carm-1678
urn:cts:croala:crije02.croala328128.croala-lat1:,crijev-i-epidauro
urn:cts:croala:crije02.croala1844580.croala-lat1:,crijev-i-epist-1504
urn:cts:croala:crije02.croala818137.croala-lat1:,crijev-i-epist-1506
urn:cts:croala:crije02.croala417336.croala-lat1:,crijev-i-epist-1510
urn:cts:croala:crije02.croala1394209.croala-lat1:,crijev-i-gotius-1502
urn:cts:croala:crije02.croala589191.croala-lat1:,crijev-i-palladino
urn:cts:croala:crije02.croala50974.croala-lat1:,crijev-i-sorgo-1509
urn:cts:croala:crije03.croala697009.croala-lat1:,crijevics-biblioth
urn:cts:croala:crnkovic01.croala351138.croala-lat1:,crnkovic-p-epist
urn:cts:croala:didak01.croala702812.croala-lat1:,didacus-p-blasio
urn:cts:croala:didak01.croala1447973.croala-lat1:,didacus-p-cato
urn:cts:croala:didak01.croala578221.croala-lat1:,didacus-p-paul
urn:cts:croala:didak01.croala1402316.croala-lat1:,didacus-p-slatarichio
urn:cts:croala:divni01.croala1601596.croala-lat1:,difnic-g-epist-alex-vi
urn:cts:croala:divnic02.croala788883.croala-lat1:,divnic-ik-epigr
urn:cts:croala:djurdjev02.croala782731.croala-lat1:,djurdjev-i-epinicium
urn:cts:croala:djurdjev02.croala2100631.croala-lat1:,djurdjev-i-kostka
urn:cts:croala:djurdjev02.croala836449.croala-lat1:,djurdjev-i-magdalidos
urn:cts:croala:djurdjev02.croala866783.croala-lat1:,djurdjev-i-margarita
urn:cts:croala:djurdjev02.croala1492502.croala-lat1:,djurdjev-i-melit
urn:cts:croala:djurdjev02.croala1077564.croala-lat1:,djurdjev-i-poe
urn:cts:croala:djurdjev01.croala924268.croala-lat1:,djurdjevic-b-afflictio
urn:cts:croala:djurdjev01.croala1573375.croala-lat1:,djurdjevic-b-prognoma
urn:cts:croala:gradsibenik.croala1854868.croala-lat1:,documenta-eccl-sibenic
urn:cts:croala:croala772762.croala772762.croala-lat1:,donat-mandel-sissiensis
urn:cts:croala:dragis01.croala1833663.croala-lat1:,dragisic-j-ang
urn:cts:croala:dragis01.croala1112879.croala-lat1:,dragisic-j-oratio
urn:cts:croala:draskov01.croala977054.croala-lat1:,draskovic-j-epist-1556
urn:cts:croala:draskovic02.croala695608.croala-lat1:,draskovic-j-epist-1839-05-06
urn:cts:croala:draskovic02.croala505180.croala-lat1:,draskovic-j-epist-1839-11-12
urn:cts:croala:draskovic02.croala845374.croala-lat1:,draskovic-j-or
urn:cts:croala:dubrovnik.croala971991.croala-lat1:,dubrovnik-epist-1525-03-25
urn:cts:croala:dubrovnik.croala339501.croala-lat1:,dubrovnik-epist-1531-07-22
urn:cts:croala:dubrovnik.croala696484.croala-lat1:,dubrovnik-epist-1532-11-11
urn:cts:croala:dudes01.croala817145.croala-lat1:,dudes-m-ad-lect
urn:cts:croala:croala780896.croala780896.croala-lat1:,dudic-a-thucydid
urn:cts:croala:croala693275.croala693275.croala-lat1:,dumanic-m-synopsis
urn:cts:croala:feric01.croala286091.croala-lat1:,feric-d-carnovalis
urn:cts:croala:feric01.croala1396714.croala-lat1:,feric-d-el-t
urn:cts:croala:feric01.croala1537363.croala-lat1:,feric-d-fab
urn:cts:croala:feric01.croala953101.croala-lat1:,feric-d-periegesis
urn:cts:croala:vlaci01.croala978029.croala-lat1:,flacius-m-clavis-1
urn:cts:croala:vlaci01.croala420915.croala-lat1:,flacius-m-clavis-2
urn:cts:croala:frankop04.croala24797.croala-lat1:,frankapan-b-epist-1525-02-15
urn:cts:croala:frankop04.croala1744547.croala-lat1:,frankapan-b-oratio-croatia
urn:cts:croala:frankop01.croala25319.croala-lat1:,frankapan-f-epist-1533-07-05
urn:cts:croala:frankop05.croala922512.croala-lat1:,frankapan-fran-krsto-elegia
urn:cts:croala:frankop02.croala828256.croala-lat1:,frankapan-krsto-epist-1525-08-09
urn:cts:croala:gaj01.croala842109.croala-lat1:,gaj-lj-epist-1833-02-14
urn:cts:croala:galac01.croala1494009.croala-lat1:,galac-d-epist-1845-10-06
urn:cts:croala:galopa01.croala1586332.croala-lat1:,galopa-a-c
urn:cts:croala:croala464968.croala464968.croala-lat1:,getaldi-b-osmanides
urn:cts:croala:getaldi02.croala899425.croala-lat1:,getaldi-m-promo
urn:cts:croala:croala1437678.croala1437678.croala-lat1:,getaldic-v-ugolino
urn:cts:croala:golub01.croala768643.croala-lat1:,golub-i-poemata
urn:cts:croala:croala1576203.croala1576203.croala-lat1:,gondol-fl-bapt
urn:cts:croala:gucet02.croala1586866.croala-lat1:,gotius-i-epigramma
urn:cts:croala:gucet02.croala1843799.croala-lat1:,gotius-i-panegyris
urn:cts:croala:grad_senj.croala2041917.croala-lat1:,grad-senj-epist-1531-07-17
urn:cts:croala:gradi01.croala1919795.croala-lat1:,gradic-s-epist-palmot
urn:cts:croala:gradi01.croala1581664.croala-lat1:,gradic-s-hendec
urn:cts:croala:gradi01.croala1581224.croala-lat1:,gradic-s-insula
urn:cts:croala:gradi01.croala2063942.croala-lat1:,gradic-s-oratio
urn:cts:croala:gradi01.croala1743994.croala-lat1:,gradic-s-palmotta
urn:cts:croala:gradi01.croala327606.croala-lat1:,gradic-s-palmottae-vita
urn:cts:croala:gradi01.croala690709.croala-lat1:,gradic-s-vener
urn:cts:croala:grangya01.croala1582661.croala-lat1:,grangya-p-epist
urn:cts:croala:grbic01.croala887205.croala-lat1:,grbic-m-aristea
urn:cts:croala:grisogono01.croala764705.croala-lat1:,grisogono-f-speculum
urn:cts:croala:hektor01.croala1853610.croala-lat1:,hektor-p-carm
urn:cts:croala:hektor01.croala852862.croala-lat1:,hektor-p-nn-inscr
urn:cts:croala:hrank01.croala1760915.croala-lat1:,hrank-d-bracia
urn:cts:croala:croala845781.croala845781.croala-lat1:,ian-pan-diomed
urn:cts:croala:janpan01.croala1508813.croala-lat1:,ian-pan-epigr-eleg
urn:cts:croala:janpan01.croala814787.croala-lat1:,ian-pan-epist
urn:cts:croala:janpan01.croala977564.croala-lat1:,ian-pan-epist-gal-1462
urn:cts:croala:janpan01.croala764234.croala-lat1:,ian-pan-epist-gal-1465
urn:cts:croala:janpan01.croala2084257.croala-lat1:,ian-pan-epist-matth
urn:cts:croala:janpan01.croala57536.croala-lat1:,ian-pan-oratio
urn:cts:croala:jelacic01.croala701288.croala-lat1:,jelacic-l-valedictoria
urn:cts:croala:juric01.croala905586.croala-lat1:,juric-s-praefatio
urn:cts:croala:juric01.croala906618.croala-lat1:,juric-s-praefatio-viris
urn:cts:croala:georg01.croala850029.croala-lat1:,jurjevic-j-epist-1418-06-01
urn:cts:croala:kalic01.croala1437226.croala-lat1:,kalic-a-adventu
urn:cts:croala:kasic01.croala768184.croala-lat1:,kasic-b-instit-epist
urn:cts:croala:katanc01.croala861076.croala-lat1:,katancic-mp-fructus
urn:cts:croala:kiton01.croala2042362.croala-lat1:,kiton-i-dir-meth
urn:cts:croala:kalic01.croala24372.croala-lat1:,kordic-m-funere-lazzari
urn:cts:croala:kotrulj01.croala1845497.croala-lat1:,kotruljevic-b-navig
urn:cts:croala:kravar01.croala1105401.croala-lat1:,kravar-m-oratio
urn:cts:croala:krcel01.croala1605636.croala-lat1:,krcelic-b-ann
urn:cts:croala:krcel01.croala500345.croala-lat1:,krcelic-b-ann-add
urn:cts:croala:krcel01.croala2084759.croala-lat1:,krcelic-b-epist-1735
urn:cts:croala:krizan01.croala885091.croala-lat1:,krizanic-j-davorija
urn:cts:croala:krsav01.croala57086.croala-lat1:,krsava-j-epigram
urn:cts:croala:krsav02.croala1768901.croala-lat1:,krsava-p-arcus
urn:cts:croala:kruz01.croala1769270.croala-lat1:,kruzic-orlovic-epist-1525-04-19
urn:cts:croala:kruz01.croala817595.croala-lat1:,kruzic-p-epist-1525-10-05
urn:cts:croala:kruz01.croala885764.croala-lat1:,kruzic-p-epist-1526-01-30
urn:cts:croala:kruz01.croala896450.croala-lat1:,kruzic-p-epist-1526-01-30a
urn:cts:croala:kruz01.croala745372.croala-lat1:,kruzic-p-epist-1526-01-30b
urn:cts:croala:kruz01.croala1321128.croala-lat1:,kruzic-p-epist-1532-08-28
urn:cts:croala:kruz01.croala1761367.croala-lat1:,kruzic-p-epist-1532-09-22
urn:cts:croala:kruz01.croala976528.croala-lat1:,kruzic-petar-epist-1525-10-05
urn:cts:croala:kunic02.croala108283.croala-lat1:,kunic-r-epigr
urn:cts:croala:kunic02.croala1438358.croala-lat1:,kunic-r-hymnus-cererem
urn:cts:croala:kunic02.croala1111096.croala-lat1:,kunic-r-hymnus-cererem
urn:cts:croala:kunic02.croala870268.croala-lat1:,kunic-r-ilias-argum
urn:cts:croala:kunic02.croala828762.croala-lat1:,kunic-r-ilias-elegia
urn:cts:croala:croala1957036.croala1957036.croala-lat1:,kunic-r-ilias-libri
urn:cts:croala:kunic02.croala1846065.croala-lat1:,kunic-r-ilias-operis
urn:cts:croala:croala498219.croala498219.croala-lat1:,kunic-r-tasso
urn:cts:croala:lazaea01.croala462354.croala-lat1:,lazea-p-carm
urn:cts:croala:levak01.croala2069172.croala-lat1:,levakov-r-epist
urn:cts:croala:lipav01.croala23168.croala-lat1:,lipavic-eleg
urn:cts:croala:lucic02.croala383407.croala-lat1:,lucius-i-epist
urn:cts:croala:lukar01.croala584376.croala-lat1:,lukarevic-i-partheniados-1
urn:cts:croala:madij01.croala1919303.croala-lat1:,madijev-m-dgrip
urn:cts:croala:makarelic_jerolim_01.croala1742752.croala-lat1:,makarelic-j-epigr
urn:cts:croala:martin02.croala1346489.croala-lat1:,mart-hier-epitaph-lep
urn:cts:croala:martin02.croala2083813.croala-lat1:,mart-hier-epitaph-luc
urn:cts:croala:marul01.croala754085.croala-lat1:,marul-mar-carmina
urn:cts:croala:marul01.croala1346932.croala-lat1:,marul-mar-catull
urn:cts:croala:marul01.croala56166.croala-lat1:,marul-mar-dante
urn:cts:croala:marul01.croala1929325.croala-lat1:,marul-mar-dauid
urn:cts:croala:marul01.croala1483591.croala-lat1:,marul-mar-dial
urn:cts:croala:marul01.croala352124.croala-lat1:,marul-mar-epist-1477
urn:cts:croala:marul01.croala1916936.croala-lat1:,marul-mar-epist-1496-05-10
urn:cts:croala:marul01.croala877008.croala-lat1:,marul-mar-epist-1502-03-03
urn:cts:croala:marul01.croala1828810.croala-lat1:,marul-mar-epist-1502x
urn:cts:croala:marul01.croala831384.croala-lat1:,marul-mar-epist-1507-04-04
urn:cts:croala:marul01.croala499459.croala-lat1:,marul-mar-epist-1515-04-26
urn:cts:croala:marul01.croala1801839.croala-lat1:,marul-mar-epist-adr
urn:cts:croala:marul01.croala1348912.croala-lat1:,marul-mar-euang
urn:cts:croala:marul01.croala1426126.croala-lat1:,marul-mar-humil
urn:cts:croala:marul01.croala1746264.croala-lat1:,marul-mar-in-epigr
urn:cts:croala:marul01.croala907215.croala-lat1:,marul-mar-inst
urn:cts:croala:marul01.croala1954974.croala-lat1:,marul-mar-quinqu
urn:cts:croala:marul01.croala779392.croala-lat1:,marul-mar-rdcg
urn:cts:croala:marul01.croala1113752.croala-lat1:,marul-mar-repert
urn:cts:croala:marul01.croala49482.croala-lat1:,marul-mar-trop
urn:cts:croala:marul01.croala1326840.croala-lat1:,marul-mar-ult-iudic
urn:cts:croala:marul01.croala1697139.croala-lat1:,marul-mar-vir-ill
urn:cts:croala:marul01.croala842966.croala-lat1:,marul-mar-vita
urn:cts:croala:alienus_macedo.croala816750.croala-lat1:,marullus-s-aurium
urn:cts:croala:matij01.croala2055895.croala-lat1:,matiasev-caraman-carmen
urn:cts:croala:matij01.croala1424870.croala-lat1:,matiasev-caraman-ferocia
urn:cts:croala:matij01.croala1795825.croala-lat1:,matiasev-caraman-in-budae
urn:cts:croala:matij01.croala2087710.croala-lat1:,matiasev-caraman-nauplia
urn:cts:croala:mazuranicd1e1166.croala107794.croala-lat1:,mazuranic-a-epist
urn:cts:croala:mazuranic_viaf17261922.croala2102565.croala-lat1:,mazuranic-bakovic-mors
urn:cts:croala:mazuranic_viaf17261922.croala1694865.croala-lat1:,mazuranic-i-kukuljevic
urn:cts:croala:mihet01.croala577464.croala-lat1:,michet-a-cassand
urn:cts:croala:mihet01.croala1108976.croala-lat1:,michet-a-oratio
urn:cts:croala:mihanov01.croala698786.croala-lat1:,mihanovic-a-osman
urn:cts:croala:mikac01.croala1.croala-lat1:,mikac-obsidio
urn:cts:croala:milasin01.croala287894.croala-lat1:,milasin-f-met
urn:cts:croala:milasin01.croala974968.croala-lat1:,milasin-f-viator
urn:cts:croala:milecij01.croala1676024.croala-lat1:,milet-versus
urn:cts:croala:mladin01.croala1849166.croala-lat1:,mladinic-s-vita
urn:cts:croala:nikolamodr01.croala357474.croala-lat1:,modr-n-cons
urn:cts:croala:nikolamodr01.croala1767587.croala-lat1:,modr-n-navic
urn:cts:croala:nikolamodr01.croala1394919.croala-lat1:,modr-n-oratio-riar
urn:cts:croala:muzic01.croala581036.croala-lat1:,muzic-f-vd
urn:cts:croala:naljesk01.croala897902.croala-lat1:,naljesk-n-epigr
urn:cts:croala:nardin01.croala1490847.croala-lat1:,nardin-p-elegia
urn:cts:croala:bozic01.croala393348.croala-lat1:,natalis-f-carmina
urn:cts:croala:bozic01.croala1480545.croala-lat1:,natalis-f-paladino
urn:cts:croala:bozic01.croala898354.croala-lat1:,natalis-f-vita-maruli
urn:cts:croala:niger02.croala850639.croala-lat1:,niger-t-divin
urn:cts:croala:niger02.croala20157.croala-lat1:,niger-t-epigramma-statil
urn:cts:croala:niger02.croala751012.croala-lat1:,niger-t-epigrammata-cricium
urn:cts:croala:niger02.croala226109.croala-lat1:,niger-t-epist-adr-1522
urn:cts:croala:niger02.croala356975.croala-lat1:,niger-t-epist-clem-1532
urn:cts:croala:niger02.croala749439.croala-lat1:,niger-t-epist-marul
urn:cts:croala:niger02.croala1675587.croala-lat1:,niger-t-inscr-1527
urn:cts:croala:nimira_martin_01.croala511697.croala-lat1:,nimira-m-epigr
urn:cts:croala:nimira_martin_01.croala771600.croala-lat1:,nimira-m-epist
urn:cts:croala:nimira_martin_01.croala1491506.croala-lat1:,nimira-m-sermo
urn:cts:croala:anonymus_1657.croala734247.croala-lat1:,nn-actiones-1657
urn:cts:croala:anonymus_0999.croala1799168.croala-lat1:,nn-agapes-testamentum
urn:cts:croala:anonymus_1066.croala842559.croala-lat1:,nn-chart-cicca-1066
urn:cts:croala:anonymus_1056.croala1828388.croala-lat1:,nn-confirmatio-iaderenses
urn:cts:croala:anonymus_1112.croala805817.croala-lat1:,nn-crescentius
urn:cts:croala:anonymus_1790.croala582425.croala-lat1:,nn-declaratio-1790
urn:cts:croala:anonymus_1020.croala747233.croala-lat1:,nn-gregorius
urn:cts:croala:anonymus_1493.croala20713.croala-lat1:,nn-ianci-epitaph
urn:cts:croala:anonymus_1004.croala226584.croala-lat1:,nn-inscriptio-ragninae-1004
urn:cts:croala:anonymus_0976.croala1803089.croala-lat1:,nn-jelena
urn:cts:croala:anonymus_1579.croala581900.croala-lat1:,nn-keglevich-epitaphium
urn:cts:croala:anonymus_1099.croala2059052.croala-lat1:,nn-laurentii
urn:cts:croala:anonymus_1600.croala2073967.croala-lat1:,nn-laus-spal
urn:cts:croala:anonymus_1296.croala746770.croala-lat1:,nn-leonis-spalatensis-epit
urn:cts:croala:anonymus_1020.croala1076620.croala-lat1:,nn-mladini
urn:cts:croala:anonymus_1015.croala699780.croala-lat1:,nn-paulus-epigramma
urn:cts:croala:crni01.croala780071.croala-lat1:,nn-petrus-zerni
urn:cts:croala:anonymus_1790.croala1579371.croala-lat1:,nn-predstavka-1790
urn:cts:croala:anonymus_1268.croala226942.croala-lat1:,nn-thoma-archid
urn:cts:croala:anonymus_1111.croala57957.croala-lat1:,nn-vekenega
urn:cts:croala:palikuc01.croala1332110.croala-lat1:,palikuca-p-encom
urn:cts:croala:palmot02.croala1694382.croala-lat1:,palmotic-dz-epist
urn:cts:croala:palmot01.croala870836.croala-lat1:,palmotic-j-carm
urn:cts:croala:croala1589632.croala1589632.croala-lat1:,paskalic-l-c
urn:cts:croala:paul01.croala1444429.croala-lat1:,paulo-p-memoriale
urn:cts:croala:perceval01.croala848800.croala-lat1:,perceval-prohem
urn:cts:croala:petric01.croala413746.croala-lat1:,petric-f-zoroaster
urn:cts:croala:petrov01.croala1487029.croala-lat1:,petrov-n-or-rhag
urn:cts:croala:petrov02.croala1743176.croala-lat1:,petrovic-v-amissa-ux
urn:cts:croala:petrov02.croala463548.croala-lat1:,petrovic-v-obit-ux
urn:cts:croala:pima01.croala893646.croala-lat1:,pima-b-epig
urn:cts:croala:posedar01.croala382849.croala-lat1:,posedarski-s-oratio
urn:cts:croala:popdukl01.croala2107573.croala-lat1:,presb-docl-regnum-sl
urn:cts:croala:pribojev01.croala1823183.croala-lat1:,pribojev-v-or
urn:cts:croala:pridojev01.croala807244.croala-lat1:,pridojev-i-spalat
urn:cts:croala:pucic01.croala692016.croala-lat1:,pucic-k-libellus
urn:cts:croala:croala704893.croala704893.croala-lat1:,rastic-dz-c
urn:cts:croala:rest02.croala806749.croala-lat1:,rastic-n-epist
urn:cts:croala:rattkay02.croala1803550.croala-lat1:,rattkay-i-tarahum
urn:cts:croala:bonaventurarazmilovic01.croala772180.croala-lat1:,razmilovic-b-eleg
urn:cts:croala:rogac01.croala1701185.croala-lat1:,rogacic-b-euthym
urn:cts:croala:rogac01.croala891724.croala-lat1:,rogacic-b-proseuct
urn:cts:croala:rosan01.croala1400939.croala-lat1:,rozan-a-epigr-1540
urn:cts:croala:rosan01.croala1831276.croala-lat1:,rozan-a-epigr-nalis-1572
urn:cts:croala:rosan01.croala1403431.croala-lat1:,rozan-a-vauz.xml
urn:cts:croala:sabolov01.croala806245.croala-lat1:,sabolovic-m-crisienses
urn:cts:croala:sagudin01.croala1800944.croala-lat1:,sagudinus-n-epist-1452
urn:cts:croala:sar01.croala771115.croala-lat1:,sarar-e-epist-1531-07-17
urn:cts:croala:sar01.croala1839585.croala-lat1:,sarar-e-epist-1532-10-12
urn:cts:croala:selimb01.croala1579857.croala-lat1:,selimbric-s-vit
urn:cts:croala:senj_kaptol.croala886728.croala-lat1:,senj-kaptol-epist-1531-07-17
urn:cts:croala:severit01.croala2064490.croala-lat1:,severitan-ip-feretr
urn:cts:croala:severit01.croala877467.croala-lat1:,severitan-ip-solimaidos
urn:cts:croala:sidic01.croala1838947.croala-lat1:,sidic-epistola-1683
urn:cts:croala:silobodbolsicd1e2035.croala1836221.croala-lat1:,silobod-bolsic-m-fundamentum
urn:cts:croala:sizgo01.croala411662.croala-lat1:,sisgor-g-de-situ
urn:cts:croala:croala331889.croala331889.croala-lat1:,sisgor-g-eleg
urn:cts:croala:sizgo01.croala1928499.croala-lat1:,sisgor-g-epigr-m
urn:cts:croala:sizgo01.croala1323010.croala-lat1:,sisgor-g-miraculum
urn:cts:croala:sizgo01.croala2061023.croala-lat1:,sisgor-g-odae
urn:cts:croala:sizgo01.croala1575435.croala-lat1:,sisgor-g-prosopopeya
urn:cts:croala:sivri01.croala853690.croala-lat1:,sivrich-a-anacreont
urn:cts:croala:croala904918.croala904918.croala-lat1:,sivrich-a-pricize
urn:cts:croala:sizgo02.croala869815.croala-lat1:,sizgor-j-documenta-sibenic
urn:cts:croala:skrl01.croala818681.croala-lat1:,skerle-n-desc
urn:cts:croala:skrl01.croala747631.croala-lat1:,skerle-n-disc
urn:cts:croala:skrl01.croala1840668.croala-lat1:,skerle-n-epist-salag
urn:cts:croala:skrl01.croala1585774.croala-lat1:,skerle-n-epist-verh-1793-05
urn:cts:croala:skrl01.croala1760414.croala-lat1:,skerle-n-epist-verh-1793-09
urn:cts:croala:skrl01.croala770566.croala-lat1:,skerle-n-epist-verh-1794-09
urn:cts:croala:skrl01.croala1580642.croala-lat1:,skerle-n-epist-verh-1794-10
urn:cts:croala:skrl01.croala1485634.croala-lat1:,skerle-n-epist-verh-1794-12
urn:cts:croala:skrl01.croala1840066.croala-lat1:,skerle-n-epist-verh-1797-10
urn:cts:croala:skrl01.croala2089177.croala-lat1:,skerle-n-epist-verh-1798-04
urn:cts:croala:skrl01.croala2074855.croala-lat1:,skerle-n-epist-verh-1798-07
urn:cts:croala:skrl01.croala1109903.croala-lat1:,skerle-n-epist-verh-1798-08
urn:cts:croala:skrl01.croala748853.croala-lat1:,skerle-n-epist-verh-1798-10-01
urn:cts:croala:skrl01.croala2041283.croala-lat1:,skerle-n-epist-verh-1798-10-16
urn:cts:croala:skrl01.croala738842.croala-lat1:,skerle-n-status
urn:cts:croala:skrl01.croala1410547.croala-lat1:,skrl-1
urn:cts:croala:skrl01.croala940507.croala-lat1:,skrl-2
urn:cts:croala:skrl01.croala1676802.croala-lat1:,skrl-3
urn:cts:croala:skrl01.croala735015.croala-lat1:,skrl-epist-kov
urn:cts:croala:slavat01.croala1954461.croala-lat1:,slavat-v-epigr
urn:cts:croala:smerdel01.croala896972.croala-lat1:,smerdel-t-cicad
urn:cts:croala:smerdel01.croala1603812.croala-lat1:,smerdel-t-poemata
urn:cts:croala:sobot02.croala860669.croala-lat1:,sobota-c-inscriptio
urn:cts:croala:sobot01.croala1104937.croala-lat1:,sobota-i-epist-1438-07-15
urn:cts:croala:sobot01.croala1400182.croala-lat1:,sobota-i-epist-1451-06-28
urn:cts:croala:sobot01.croala1323504.croala-lat1:,sobota-i-epist-1452-08-02
urn:cts:croala:sobot01.croala1408228.croala-lat1:,sobota-i-epist-1453-05-20
urn:cts:croala:sobot01.croala700680.croala-lat1:,sobota-i-epist-1453-06-30
urn:cts:croala:sobot01.croala1854265.croala-lat1:,sobota-i-epist-1453-07-24
urn:cts:croala:sobot01.croala830758.croala-lat1:,sobota-i-epist-1454-07-27
urn:cts:croala:sobot01.croala841510.croala-lat1:,sobota-i-epist-1454-08-14
urn:cts:croala:sobot01.croala750396.croala-lat1:,sobota-i-epist-1454-12-24
urn:cts:croala:sobot01.croala1805062.croala-lat1:,sobota-i-epist-vallar-5
urn:cts:croala:croala510004.croala510004.croala-lat1:,sorkocevic-m-fam
urn:cts:croala:stafilic01.croala751838.croala-lat1:,stafilic-i-oratio-roma
urn:cts:croala:stafilic01.croala1831768.croala-lat1:,stafilic-i-oratio-sigismundus-1512
urn:cts:croala:stafilic01.croala769785.croala-lat1:,stafilic-i-oratio-venetiis
urn:cts:croala:stafilic_stjepan_01.croala696077.croala-lat1:,staphyl-s-inscr
urn:cts:croala:statilic_ivan01.croala2063409.croala-lat1:,statilic-i-epist-1527-11-08
urn:cts:croala:statilic_ivan01.croala1804512.croala-lat1:,statilic-i-oratio-1521
urn:cts:croala:stay01.croala589678.croala-lat1:,stay-b-phil-rec
urn:cts:croala:stay01.croala58484.croala-lat1:,stay-b-philos
urn:cts:croala:step01.croala1402726.croala-lat1:,step-n-expugn
urn:cts:croala:step01.croala509375.croala-lat1:,step-n-expugn-ungnad
urn:cts:croala:step01.croala938652.croala-lat1:,step-n-obsid
urn:cts:croala:stjepan01biskupzadarski.croala417.croala-lat1:,stephanus-confirmatio-crisogoni
urn:cts:croala:stojko01.croala847981.croala-lat1:,stojkovic-i-epist-1436
urn:cts:croala:stulli01.croala1584035.croala-lat1:,stulli-l-vaccin
urn:cts:croala:toma01.croala1739870.croala-lat1:,thomas-hist-salon
urn:cts:croala:tihic02.croala1410080.croala-lat1:,tihic-n-epigr
urn:cts:croala:tolimer01.croala763613.croala-lat1:,tolimer-i-laud
urn:cts:croala:crije01.croala789994.croala-lat1:,tubero-comm
urn:cts:croala:crije01.croala1321636.croala-lat1:,tubero-comm-rhac
urn:cts:croala:utjes02.croala52157.croala-lat1:,utjesenovic-j-epist-1545-02-28
urn:cts:croala:utjes02.croala906117.croala-lat1:,utjesenovic-j-epist-1547-02-07
urn:cts:croala:vicic01.croala227390.croala-lat1:,vicic-c-jess
urn:cts:croala:vicic01.croala25832.croala-lat1:,vicic-k-thien
urn:cts:croala:vitez01.croala1396255.croala-lat1:,vitez-i-epist-1445
urn:cts:croala:vitez01.croala1920894.croala-lat1:,vitez-i-epist-1448
urn:cts:croala:vitezov01.croala2072009.croala-lat1:,vitezov-ritter-p-croatia
urn:cts:croala:vitezov01.croala1847955.croala-lat1:,vitezov-ritter-p-diss
urn:cts:croala:vitezov01.croala52698.croala-lat1:,vitezov-ritter-p-epist-marsil
urn:cts:croala:vitezov01.croala1332521.croala-lat1:,vitezov-ritter-p-plorantis
urn:cts:croala:vitezov01.croala7470223.croala-lat1:,vitezov01_epist01_croala7470223.croala-lat1
urn:cts:croala:vitezov01.croala524281.croala-lat1:,vitezov01_epist02_croala524281.croala-lat1
urn:cts:croala:vitezov01.croala1446229.croala-lat1:,vitezov01_epist03_croala1446229.croala-lat1
urn:cts:croala:vitezov01.croala3220475.croala-lat1:,vitezov01_epist04_croala3220475.croala-lat1
urn:cts:croala:vitezov01.croala40274.croala-lat1:,vitezov01_epist05_croala40274.croala-lat1
urn:cts:croala:vitezov01.croala3970306.croala-lat1:,vitezov01_epist06_croala3970306.croala-lat1
urn:cts:croala:vitezov01.croala1136422.croala-lat1:,vitezov01_epist07_croala1136422.croala-lat1
urn:cts:croala:vitezov01.croala26307.croala-lat1:,vitezov01_epist07a_croala26307.croala-lat1
urn:cts:croala:vramecd1e1905.croala780505.croala-lat1:,vramec-a-epigr
urn:cts:croala:vranc01.croala331078.croala-lat1:,vrancic-a-c-vd
urn:cts:croala:vranc01.croala583612.croala-lat1:,vrancic-a-epist-1538
urn:cts:croala:vranc01.croala381984.croala-lat1:,vrancic-a-epist-1539-12-20
urn:cts:croala:vranc01.croala464498.croala-lat1:,vrancic-a-epist-1540
urn:cts:croala:vranc01.croala839485.croala-lat1:,vrancic-a-epist-1542-01-10
urn:cts:croala:vranc01.croala1585380.croala-lat1:,vrancic-a-epist-1543-05-16
urn:cts:croala:vranc01.croala1918893.croala-lat1:,vrancic-a-epist-1543-07-20
urn:cts:croala:vranc01.croala327219.croala-lat1:,vrancic-a-epist-1553-08-12
urn:cts:croala:vranc01.croala1486619.croala-lat1:,vrancic-a-epist-1557-12-24
urn:cts:croala:vranc01.croala1843344.croala-lat1:,vrancic-a-epist-1567-04-05
urn:cts:croala:vranc01.croala1104531.croala-lat1:,vrancic-a-epist-1573-05-03
urn:cts:croala:vranc01.croala415897.croala-lat1:,vrancic-a-iter
urn:cts:croala:vranc01.croala53336.croala-lat1:,vrancic-a-m-epigrammata-duo
urn:cts:croala:vranc01.croala1583421.croala-lat1:,vrancic-a-memoriale-1532
urn:cts:croala:vranc02.croala1848471.croala-lat1:,vrancic-f-carm-epist
urn:cts:croala:vranc02.croala847470.croala-lat1:,vrancic-f-vita-ant
urn:cts:croala:vranc03.croala940109.croala-lat1:,vrancic-m-encomium
urn:cts:croala:vranc03.croala701909.croala-lat1:,vrancic-m-epist-1540-03-01
urn:cts:croala:vranc03.croala1486224.croala-lat1:,vrancic-m-epist-1557-12-22
urn:cts:croala:vranc03.croala499911.croala-lat1:,vrancic-m-epist-1558-04-29
urn:cts:croala:vranc03.croala506995.croala-lat1:,vrancic-m-epist-1558-05-25
urn:cts:croala:vranc03.croala382400.croala-lat1:,vrancic-m-epist-1558-08-22
urn:cts:croala:vranc03.croala1797799.croala-lat1:,vrancic-m-epist-1558-10-01
urn:cts:croala:vranc03.croala1103526.croala-lat1:,vrancic-m-epist-1558-11-06
urn:cts:croala:vranc03.croala752860.croala-lat1:,vrancic-m-epist-1558-12-27
urn:cts:croala:vranc03.croala1485143.croala-lat1:,vrancic-m-epist-1559-02-09
urn:cts:croala:vranc03.croala890288.croala-lat1:,vrancic-m-error
urn:cts:croala:vranc03.croala383921.croala-lat1:,vrancic-m-iuvenalis
urn:cts:croala:vranc03.croala1604595.croala-lat1:,vrancic-m-ligario
urn:cts:croala:vranc03.croala811045.croala-lat1:,vrancic-m-tomiciana
urn:cts:croala:vrhov01.croala2058556.croala-lat1:,vrhovac-m-poziv-1813
urn:cts:croala:zama01.croala1572863.croala-lat1:,zamagna-b-boscovich-oratio
urn:cts:croala:zama01.croala1921396.croala-lat1:,zamagna-b-echo
urn:cts:croala:zama01.croala2075416.croala-lat1:,zamagna-b-epist
urn:cts:croala:croala1770303.croala1770303.croala-lat1:,zamagna-b-hesiod
urn:cts:croala:zama01.croala1441602.croala-lat1:,zamagna-b-idyllia
urn:cts:croala:zama01.croala1891.croala-lat1:,zamagna-b-navis
urn:cts:croala:croala1855350.croala1855350.croala-lat1:,zamagna-b-odyssea
urn:cts:croala:croala1582116.croala1582116.croala-lat1:,zamagna-b-osmanidos
urn:cts:croala:zavor01.croala1795434.croala-lat1:,zavorovic-d-inscriptio
urn:cts:croala:vlaci01.croala1832910.croala-lat1:,zigerius-e-epist
urn:cts:croala:zrinski16616207.croala511198.croala-lat1:,zrinski-j-epist-zlataric
